id,name,screen_name,fav_number,statuses_count,followers_count,friends_count,favourites_count,listed_count,created_at,url,lang,time_zone,location,default_profile,default_profile_image,geo_enabled,profile_image_url,profile_banner_url,profile_use_background_image,profile_background_image_url_https,profile_text_color,profile_image_url_https,profile_sidebar_border_color,profile_background_tile,profile_sidebar_fill_color,profile_background_image_url,profile_background_color,profile_link_color,utc_offset,protected,verified,description,updated,dataset
3610511,Davide Dellacasa,braddd,0,20370,5470,2385,145,52,Fri Apr 06 10:58:22 +0000 2007,http://braddd.tumblr.com,it,Rome,Roma,,,,http://a0.twimg.com/profile_images/1575057050/Stay_hungry._Stay_foolish_Avatar_normal.png,https://si0.twimg.com/profile_banners/3610511/1357893323,1,https://si0.twimg.com/profile_background_images/205419579/suckerpunch_1024x768.jpg,0C3E53,https://si0.twimg.com/profile_images/1575057050/Stay_hungry._Stay_foolish_Avatar_normal.png,F2E195,,FFF7CC,http://a0.twimg.com/profile_background_images/205419579/suckerpunch_1024x768.jpg,BADFCD,FF0000,3600,,,Founder of http://www.screenweek.it & http://www.boxofficecup.com - Apple & Movie Lover find me on rebelmouse http://www.rebelmouse.com/davidedellacasa,2/14/2015 10:54,E13
5656162,Simone Economo,eKoeS,68,3131,506,381,9,40,Mon Apr 30 15:08:42 +0000 2007,http://www.lineheight.net/,en,Rome,"Rome, Italy",,,,http://a0.twimg.com/profile_images/1901298312/4028388403_e6fd6fb38b_o_bis_3c_normal.png,NULL,1,https://si0.twimg.com/images/themes/theme1/bg.png,333333,https://si0.twimg.com/profile_images/1901298312/4028388403_e6fd6fb38b_o_bis_3c_normal.png,FFFFFF,,DDEEF6,http://a0.twimg.com/images/themes/theme1/bg.png,C0DEED,0084B4,3600,,,BSc degree (cum laude) in Computer Engineering. @iuxcamp co-founder. @symphonycms lover and contributor.,2/14/2015 10:54,E13
5682702,tacone,tacone_,7696,4024,264,87,323,16,Tue May 01 11:53:40 +0000 2007,http://t.co/LKrl1dZE,en,Rome,Internets,,,,http://a0.twimg.com/profile_images/1640620850/anselmo_normal.png,https://si0.twimg.com/profile_banners/5682702/1349529251,1,https://si0.twimg.com/profile_background_images/181419780/goth-girl-black-pattern.jpg,666666,https://si0.twimg.com/profile_images/1640620850/anselmo_normal.png,181A1E,1,0,http://a0.twimg.com/profile_background_images/181419780/goth-girl-black-pattern.jpg,1A1B1F,2FC2EF,3600,,,Cogito ergo bestemmio.,2/14/2015 10:54,E13
6067292,alesaura,alesstar,202,40586,640,622,1118,32,Tue May 15 16:55:16 +0000 2007,http://alesstar.wordpress.com/,en,Rome,,,,1,http://a0.twimg.com/profile_images/2797534662/1dc1ac438aa8467defd3a0b90ca75cac_normal.jpeg,https://si0.twimg.com/profile_banners/6067292/1352056035,1,https://si0.twimg.com/images/themes/theme4/bg.gif,3C3940,https://si0.twimg.com/profile_images/2797534662/1dc1ac438aa8467defd3a0b90ca75cac_normal.jpeg,FFFFFF,,95E8EC,http://a0.twimg.com/images/themes/theme4/bg.gif,0099B9,0099B9,3600,,,"Se la vita ti dà sarde, scapocciale!",2/14/2015 10:54,E13
6015122,Angelo,PerDiletto,37318,2016,62,64,13,0,Sun May 13 19:52:00 +0000 2007,http://www.flickr.com/per_diletto,it,Rome,"iPhone: 44.069630,12.569966",,,1,http://a0.twimg.com/profile_images/1073412966/PerDiletto_normal.jpg,NULL,1,https://si0.twimg.com/images/themes/theme18/bg.gif,333333,https://si0.twimg.com/profile_images/1073412966/PerDiletto_normal.jpg,EEEEEE,,F6F6F6,http://a0.twimg.com/images/themes/theme18/bg.gif,ACDED6,38543,3600,,,Je me souviens,2/14/2015 10:54,E13
6140012,CRISTIAN PAOLINI,crispaol,3901,3603,138,179,53,1,Fri May 18 15:16:20 +0000 2007,,it,Rome,Rome,,,1,http://a0.twimg.com/profile_images/2292411750/bub6w5n2ndf2bubuqe5s_normal.jpeg,NULL,1,https://si0.twimg.com/profile_background_images/775219741/744c1990b547093354e232171cf4b55c.png,663B12,https://si0.twimg.com/profile_images/2292411750/bub6w5n2ndf2bubuqe5s_normal.jpeg,FFFFFF,1,DAECF4,http://a0.twimg.com/profile_background_images/775219741/744c1990b547093354e232171cf4b55c.png,C6E2EE,1F98C7,3600,,,"Swiper non rubare, Swiper non rubare!",2/14/2015 10:54,E13
6134312,tmpx,tmpx,4122,1183,128,168,2,5,Fri May 18 10:28:11 +0000 2007,,en,Rome,"Milano, Lombardia, Italia",,,1,http://a0.twimg.com/profile_images/654007381/io_normal.jpg,NULL,1,https://si0.twimg.com/images/themes/theme14/bg.gif,333333,https://si0.twimg.com/profile_images/654007381/io_normal.jpg,EEEEEE,1,EFEFEF,http://a0.twimg.com/images/themes/theme14/bg.gif,131516,9999,3600,,,I never saw a wild thing sorry for itself.A small bird will drop frozen dead from a boughWithout ever having felt sorry for itself.-- D.H. Lawrence,2/14/2015 10:54,E13
6684602,igor,Igor99,80,6194,1062,1770,597,5,Fri Jun 08 23:55:44 +0000 2007,,it,Rome,,,,1,http://a0.twimg.com/profile_images/2935875624/5b248b8c097468cc8a381494cf3a6229_normal.jpeg,NULL,1,https://si0.twimg.com/images/themes/theme18/bg.gif,333333,https://si0.twimg.com/profile_images/2935875624/5b248b8c097468cc8a381494cf3a6229_normal.jpeg,EEEEEE,,F6F6F6,http://a0.twimg.com/images/themes/theme18/bg.gif,ACDED6,38543,3600,,,La vita è quello che accade mentre sei impegnato a fare altro. ,2/14/2015 10:54,E13
7046912,Marco Massarotto,marcomassarotto,1825,10962,23368,958,590,715,Sun Jun 24 07:49:50 +0000 2007,http://marcomassarotto.com,en,Rome,"iPhone: 0.000000,0.000000",,,1,http://a0.twimg.com/profile_images/2626681114/image_normal.jpg,https://si0.twimg.com/profile_banners/7046912/1347980482,,https://si0.twimg.com/images/themes/theme1/bg.png,0,https://si0.twimg.com/profile_images/2626681114/image_normal.jpg,9E0C0C,,FFFFFF,http://a0.twimg.com/images/themes/theme1/bg.png,10147D,10147E,3600,,,Founder e CEO di http://hagakure.it e autore di http://internetpr.it,2/14/2015 10:54,E13
7470952,Antonio Parisi,personanormale,3115,10947,760,712,693,27,Sat Jul 14 13:31:20 +0000 2007,,it,Rome,Chioggia (VE),,,1,http://a0.twimg.com/profile_images/2736744286/b2abcce30eac7e105afa601b68b6cbdb_normal.jpeg,https://si0.twimg.com/profile_banners/7470952/1358687988,,https://si0.twimg.com/profile_background_images/621611165/xa631cd31d79c8f9343ceab795e515b0.png,E8E5E1,https://si0.twimg.com/profile_images/2736744286/b2abcce30eac7e105afa601b68b6cbdb_normal.jpeg,0,1,D8C8BE,http://a0.twimg.com/profile_background_images/621611165/xa631cd31d79c8f9343ceab795e515b0.png,131516,9999,3600,,,"Sono timido come Sushi, pigro come Dado e russo come Leo. Ho preso il meglio dai miei gatti. Faccio le fusa quando mangio.",2/14/2015 10:54,E13
8072492,alessandra elle,alessandraelle,516,2754,477,218,224,13,Thu Aug 09 06:16:43 +0000 2007,http://t.co/oyLI89dch3,it,Rome,Italy - World,,,1,http://a0.twimg.com/profile_images/3364020342/08216a5260de86871e8599f4f2bd1613_normal.jpeg,https://si0.twimg.com/profile_banners/8072492/1362352519,1,https://si0.twimg.com/profile_background_images/418776022/poesia1.jpg,333333,https://si0.twimg.com/profile_images/3364020342/08216a5260de86871e8599f4f2bd1613_normal.jpeg,BDDCAD,,DDFFCC,http://a0.twimg.com/profile_background_images/418776022/poesia1.jpg,9AE4E8,0084B4,3600,,,"''Lying in wait, set to pounce on the blank page, are letters up to no good, clutches of clauses so subordinate they'll never let her get away''. W. Szymborska",2/14/2015 10:54,E13
8291932,Mackley,mackley,0,26713,1390,1177,914,68,Sun Aug 19 21:03:45 +0000 2007,http://about.me/mackley,en,Amsterdam,"Romagna, Italy",,,1,http://a0.twimg.com/profile_images/1105526925/Mackley_B_W_normal.png,https://si0.twimg.com/profile_banners/8291932/1351413592,,https://si0.twimg.com/profile_background_images/109123058/paper.gif,333333,https://si0.twimg.com/profile_images/1105526925/Mackley_B_W_normal.png,FFFFFF,,F6FFD1,http://a0.twimg.com/profile_background_images/109123058/paper.gif,C0DEED,0084B4,3600,,,Sono il Mackley. ,2/14/2015 10:54,E13
8858022,Pasquale Valente,pvalente,3371,4111,314,338,47,8,Thu Sep 13 17:06:11 +0000 2007,,it,Rome,"Rome, Italy",,,1,http://a0.twimg.com/profile_images/2622457900/qyjfvqb6mhlpfezb6axa_normal.jpeg,https://si0.twimg.com/profile_banners/8858022/1351765078,1,https://si0.twimg.com/profile_background_images/567425386/ug16mxtplnojwrr4u8hf.jpeg,0,https://si0.twimg.com/profile_images/2622457900/qyjfvqb6mhlpfezb6axa_normal.jpeg,FFFFFF,1,CCCCCC,http://a0.twimg.com/profile_background_images/567425386/ug16mxtplnojwrr4u8hf.jpeg,95B9C7,0000FF,3600,,,"MD, PhD. dalla complessità alla semplicità il passo è breve:          è un passo d'uomo.",2/14/2015 10:54,E13
8927532,Giacomo Beretta,giacomo_beretta,0,1441,97,203,25,2,Mon Sep 17 10:07:02 +0000 2007,http://t.co/wQ34q8zRm1,it,Rome,"Milan, Italy",,,1,http://a0.twimg.com/profile_images/3316623597/7d59c7d32ca3923d1cd19e9ca19014a4_normal.jpeg,NULL,1,https://si0.twimg.com/profile_background_images/396287197/tumblr_lvn8pengBc1r4qmqzo1_1280.jpg,333333,https://si0.twimg.com/profile_images/3316623597/7d59c7d32ca3923d1cd19e9ca19014a4_normal.jpeg,FFF8AD,1,F6FFD1,http://a0.twimg.com/profile_background_images/396287197/tumblr_lvn8pengBc1r4qmqzo1_1280.jpg,FFF04D,0099CC,3600,,,"disilluso, inguaribile e con il vizio di guardare sempre tutto dal lato migliore...",2/14/2015 10:54,E13
8933252,decumano,decumano,13928,1698,289,1930,45,3,Mon Sep 17 16:15:25 +0000 2007,,it,Greenland,,,,,http://a0.twimg.com/profile_images/1623691300/image_normal.jpg,NULL,1,https://si0.twimg.com/images/themes/theme1/bg.png,0,https://si0.twimg.com/profile_images/1623691300/image_normal.jpg,87BC44,,E0FF92,http://a0.twimg.com/images/themes/theme1/bg.png,9AE4E8,0000FF,-10800,,,Ammazzasette,2/14/2015 10:54,E13
9351052,Francesco Benedet,bene83,0,402,93,78,36,4,Wed Oct 10 13:05:24 +0000 2007,http://www.francescobenedet.it,it,Rome,Motta di Livenza (TV) - Italy,,,,http://a0.twimg.com/profile_images/331120294/IMG_2422_normal.jpg,NULL,1,https://si0.twimg.com/images/themes/theme3/bg.gif,634047,https://si0.twimg.com/profile_images/331120294/IMG_2422_normal.jpg,D3D2CF,,E3E2DE,http://a0.twimg.com/images/themes/theme3/bg.gif,EDECE9,88253,3600,,,software developer and system administrator,2/14/2015 10:54,E13
9564632,Erica Firpo,Moscerina,1762,16935,2242,918,44,124,Sat Oct 20 16:29:35 +0000 2007,http://www.ericafirpo.com,en,Rome,"Rome, Italy",,,1,http://a0.twimg.com/profile_images/2626087066/image_normal.jpg,https://si0.twimg.com/profile_banners/9564632/1348045270,1,https://si0.twimg.com/profile_background_images/87642712/Mondi.jpg,333333,https://si0.twimg.com/profile_images/2626087066/image_normal.jpg,DFDFDF,1,F3F3F3,http://a0.twimg.com/profile_background_images/87642712/Mondi.jpg,EBEBEB,990000,3600,,,Writer|Pernicious Know-it-all| Fancypants,2/14/2015 10:54,E13
9939012,Flavio® ,Lonerunner,5,9437,689,891,199,37,Sun Nov 04 13:57:18 +0000 2007,http://t.co/914L4ACt,it,Amsterdam,Verso Sud,,,1,http://a0.twimg.com/profile_images/1909150428/254287_10150285044075362_647725361_9128071_6748607_n_normal.jpg,https://si0.twimg.com/profile_banners/9939012/1354666788,1,https://si0.twimg.com/profile_background_images/730077882/5a7bbe07f77d6878a2852ccd0622e3a6.jpeg,AC1C00,https://si0.twimg.com/profile_images/1909150428/254287_10150285044075362_647725361_9128071_6748607_n_normal.jpg,FFFFFF,,FEA3C5,http://a0.twimg.com/profile_background_images/730077882/5a7bbe07f77d6878a2852ccd0622e3a6.jpeg,E6E6E6,E36A29,3600,,,"Faccio gente, vedo cose...Sembro proprio uno bravo.#Thoughts, #Social, #Green, #Politic #Polemics.Mind is a parachute. It's better works if it's op..sbam!",2/14/2015 10:54,E13
9993142,_Annalisa_,_Annalisa_,1,3742,505,571,100,3,Tue Nov 06 10:11:37 +0000 2007,,it,Rome,"ÜT: 44.537244,10.908635",,,,http://a0.twimg.com/profile_images/1812430789/Jg2nL0W6_normal,https://si0.twimg.com/profile_banners/9993142/1350113822,1,https://si0.twimg.com/profile_background_images/676254969/e09b68da2a9f90f678fbb46d5e9a03ac.png,FFB6B3,https://si0.twimg.com/profile_images/1812430789/Jg2nL0W6_normal,FFFFFF,1,F6D8C0,http://a0.twimg.com/profile_background_images/676254969/e09b68da2a9f90f678fbb46d5e9a03ac.png,3.42E+18,E44D6C,3600,,,"Non si può pensare bene, né amare bene, né dormire bene se non si è pranzato bene.(rubata a Virginia Woolf)",2/14/2015 10:54,E13
10492262,Valentina Bonarrivo,chimelandia,160,770,81,181,89,2,Fri Nov 23 13:35:11 +0000 2007,,it,Hawaii,"Magenta, Milano, Italia.",,,1,http://a0.twimg.com/profile_images/3244952455/de28fc14c9af2f07ba1b03fb5905f305_normal.jpeg,https://si0.twimg.com/profile_banners/10492262/1362585415,1,https://si0.twimg.com/images/themes/theme10/bg.gif,3D1957,https://si0.twimg.com/profile_images/3244952455/de28fc14c9af2f07ba1b03fb5905f305_normal.jpeg,65B0DA,1,7AC3EE,http://a0.twimg.com/images/themes/theme10/bg.gif,642D8B,FF0000,-36000,,,"Torinese trapiantata a Milano con marito romano, amo tutto ciò che riesce ad emozionarmi e rende più intenso un battito del mio cuore.",2/14/2015 10:54,E13
11176152,Francesco ,fpassannanti,18751,1430,128,371,204,1,Fri Dec 14 20:17:04 +0000 2007,,it,Rome,Palermo,,,,http://a0.twimg.com/profile_images/2240418981/IMG_0532_normal.JPG,NULL,1,https://si0.twimg.com/images/themes/theme6/bg.gif,333333,https://si0.twimg.com/profile_images/2240418981/IMG_0532_normal.JPG,86A4A6,,A0C5C7,http://a0.twimg.com/images/themes/theme6/bg.gif,709397,FF3300,3600,,,logico,2/14/2015 10:54,E13
13260592,fausta pavesio,fpav,5454,6996,899,305,346,28,Fri Feb 08 19:40:54 +0000 2008,http://t.co/scSMsuen,en,Rome,"Milan, Italy",,,1,http://a0.twimg.com/profile_images/1372150625/tati2009_normal.jpg,NULL,1,https://si0.twimg.com/images/themes/theme2/bg.gif,663B12,https://si0.twimg.com/profile_images/1372150625/tati2009_normal.jpg,C6E2EE,,DAECF4,http://a0.twimg.com/images/themes/theme2/bg.gif,C6E2EE,1F98C7,3600,,,"Innovation enthusiast, I like to make a difference in everything I do",2/14/2015 10:54,E13
14057516,sognidispersivi,sognidispersivi,133,3284,375,1039,1,8,Thu Feb 28 22:12:36 +0000 2008,,en,Rome,,,,,http://a0.twimg.com/profile_images/2952555273/e30fbf63cb4558683358253534fc58f3_normal.jpeg,NULL,1,https://si0.twimg.com/profile_background_images/350422671/xda222d96b474d201151e333766bc802.png,4B7D82,https://si0.twimg.com/profile_images/2952555273/e30fbf63cb4558683358253534fc58f3_normal.jpeg,E1EBA9,1,AFD1AB,http://a0.twimg.com/profile_background_images/350422671/xda222d96b474d201151e333766bc802.png,572A3C,55B5B3,3600,,,"I know sour, which allows me to appreciate the sweet. // All views here are _obviously_ my own.",2/14/2015 10:54,E13
14112759,Duilio,Biecoblu67,2871,160,46,146,22,0,Mon Mar 10 11:11:44 +0000 2008,http://www.illustraweb.net,fr,Paris,Seyssinet-Pariset,1,,1,http://a0.twimg.com/profile_images/677893567/bieco_normal.jpg,NULL,1,https://si0.twimg.com/images/themes/theme1/bg.png,333333,https://si0.twimg.com/profile_images/677893567/bieco_normal.jpg,C0DEED,,DDEEF6,http://a0.twimg.com/images/themes/theme1/bg.png,C0DEED,0084B4,3600,,,"Duilio, c'est moi",2/14/2015 10:54,E13
14492555,Felice Fossati,felfoss,228,292,57,110,5,0,Wed Apr 23 12:39:39 +0000 2008,http://www.madai.com,en,Greenland,Milano,1,,1,http://a0.twimg.com/profile_images/2033775273/image_normal.jpg,NULL,1,https://si0.twimg.com/images/themes/theme1/bg.png,333333,https://si0.twimg.com/profile_images/2033775273/image_normal.jpg,C0DEED,,DDEEF6,http://a0.twimg.com/images/themes/theme1/bg.png,C0DEED,0084B4,-10800,,,New Bus dev for Madai Ltd http://t.co/BBh27vQ4,2/14/2015 10:54,E13
14709812,ladegri,ladegri,1051,5876,616,647,1061,29,Fri May 09 04:38:07 +0000 2008,,it,Rome,Rome,,,1,http://a0.twimg.com/profile_images/2244300190/3FFC0156-206B-4FC2-B489-404B2F623017_normal,https://si0.twimg.com/profile_banners/14709812/1348158150,1,https://si0.twimg.com/profile_background_images/664701784/9c20a263c8e01dda08d0eb435ef9f57e.jpeg,422D14,https://si0.twimg.com/profile_images/2244300190/3FFC0156-206B-4FC2-B489-404B2F623017_normal,FFFFFF,,FAC400,http://a0.twimg.com/profile_background_images/664701784/9c20a263c8e01dda08d0eb435ef9f57e.jpeg,E6F4FA,CF1C13,3600,,,"Innamorata del Salento, con l'Africa nel cuore: amo i miei animali, odio il sushi, mi drogo di supplì.TW e RT? Opinioni personali, niente più.",2/14/2015 10:54,E13
14865840,Andrea Denaro,AndreaDenaro,0,7534,1132,1096,6,52,Thu May 22 07:46:57 +0000 2008,http://www.andreadenaro.com,en,Rome,"Roma, Italy",,,1,http://a0.twimg.com/profile_images/1651754711/andrea_denaro_1_normal.jpg,https://si0.twimg.com/profile_banners/14865840/1348842613,1,https://si0.twimg.com/profile_background_images/824010691/eee04f6a981947bb2539a28f0643693d.jpeg,333333,https://si0.twimg.com/profile_images/1651754711/andrea_denaro_1_normal.jpg,EEEEEE,,EFEFEF,http://a0.twimg.com/profile_background_images/824010691/eee04f6a981947bb2539a28f0643693d.jpeg,131516,0091FF,3600,,,Dad of 2 . CEO & Serial Entrepreneur . @Dnsee @Wetalk @ProntoPayment @RadioHotels,2/14/2015 10:54,E13
14958182,axel,axela90,5601,1294,254,276,89,8,Fri May 30 21:35:24 +0000 2008,http://fioredimarzo.blogspot.com,it,Rome,"Naples, Italy",,,1,http://a0.twimg.com/profile_images/3413047371/915678f1911c7f4142ed4b31d85e919e_normal.jpeg,https://si0.twimg.com/profile_banners/14958182/1362946697,1,https://si0.twimg.com/profile_background_images/812063481/e7d615540e502c6c5a8bb41645aa1e32.png,857683,https://si0.twimg.com/profile_images/3413047371/915678f1911c7f4142ed4b31d85e919e_normal.jpeg,0D0D0D,1,4B4C52,http://a0.twimg.com/profile_background_images/812063481/e7d615540e502c6c5a8bb41645aa1e32.png,E3E1DA,A23E5A,3600,,,"Ha 22 anni e studia architettura. Books&Music addicted. Prende la vita con filosofia, ma forse con quella sbagliata.",2/14/2015 10:54,E13
15016610,Fabrizio Picca,fabpicca,4068,6340,298,419,5,15,Thu Jun 05 11:19:06 +0000 2008,http://www.fabpicca.net,en,Rome,"Milan, Italy",,,1,http://a0.twimg.com/profile_images/3288712492/c4b21e74e22dc8a5b6ed8978f7c66a8d_normal.jpeg,https://si0.twimg.com/profile_banners/15016610/1354021733,1,https://si0.twimg.com/profile_background_images/722800773/de6e8d3c1ea7a3e035e8421c3fa9465b.jpeg,0,https://si0.twimg.com/profile_images/3288712492/c4b21e74e22dc8a5b6ed8978f7c66a8d_normal.jpeg,0,,E0DDDD,http://a0.twimg.com/profile_background_images/722800773/de6e8d3c1ea7a3e035e8421c3fa9465b.jpeg,0,FF7003,3600,,,"I make sophisticated things, but I'm definitively not sophisticated.",2/14/2015 10:54,E13
15271419,Salvatore Vernali,svernali,4408,5472,6352,3873,65,11,Sun Jun 29 16:07:39 +0000 2008,http://t.co/DLei5I8CDO,it,Rome,milano,,,1,http://a0.twimg.com/profile_images/2861920578/c88650a5db2e24dc00a6516c5f830515_normal.jpeg,NULL,1,https://si0.twimg.com/images/themes/theme14/bg.gif,333333,https://si0.twimg.com/profile_images/2861920578/c88650a5db2e24dc00a6516c5f830515_normal.jpeg,EEEEEE,1,EFEFEF,http://a0.twimg.com/images/themes/theme14/bg.gif,131516,9999,3600,,,"Quanto più già si sa, tanto più bisogna ancora imparare. Con il sapere cresce nello stesso grado il non sapere, o meglio il sapere del non sapere.F Nietzsche",2/14/2015 10:54,E13
15391421,Maxio75,maxio75,1,22540,2065,1125,0,64,Fri Jul 11 13:49:43 +0000 2008,http://virgiliosalerno.myblog.it,it,Rome,Salerno - ITALY,,,1,http://a0.twimg.com/profile_images/81350694/DSC04395_normal.JPG,https://si0.twimg.com/profile_banners/15391421/1347992717,1,https://si0.twimg.com/profile_background_images/43793953/twitBGLlkcui.jpg,0,https://si0.twimg.com/profile_images/81350694/DSC04395_normal.JPG,0077B1,,EEEEEE,http://a0.twimg.com/profile_background_images/43793953/twitBGLlkcui.jpg,0077B1,0077B1,3600,,,50% Silk 50% Polyester.Do not put the iron over the earphones extension on the garment side,2/14/2015 10:54,E13
15836275,Giangiacomo Miani,lazy_,103,732,85,338,16,3,Wed Aug 13 13:08:28 +0000 2008,http://t.co/dW2TAqW8,en,Rome,"Vimercate, Milano, Italia",,,1,http://a0.twimg.com/profile_images/1171722860/profilo_normal.jpg,https://si0.twimg.com/profile_banners/15836275/1353842669,1,https://si0.twimg.com/images/themes/theme18/bg.gif,333333,https://si0.twimg.com/profile_images/1171722860/profilo_normal.jpg,0,,F6F6F6,http://a0.twimg.com/images/themes/theme18/bg.gif,ACDED6,38543,3600,,,ragazzo di belle speranze e senza speranza,2/14/2015 10:54,E13
15873303,Ma te? Ooo!!,Matteo81,1322,38781,623,323,1209,22,Sat Aug 16 13:39:31 +0000 2008,http://youtu.be/uahU5m6Hvj4,en,Rome,"Rome, Italy",,,1,http://a0.twimg.com/profile_images/3392593798/0ef6139ea95c0f11cc9c6f844b14a655_normal.jpeg,https://si0.twimg.com/profile_banners/15873303/1351493249,1,https://si0.twimg.com/profile_background_images/397202109/3048.jpg,666666,https://si0.twimg.com/profile_images/3392593798/0ef6139ea95c0f11cc9c6f844b14a655_normal.jpeg,181A1E,,252429,http://a0.twimg.com/profile_background_images/397202109/3048.jpg,1A1B1F,2FC2EF,3600,,,Daje non v'accollate co sta cosa della bio eh? Ce ne stanno di belle su Twitter non venite a rompe a me! E NON C'HO FRATELLI! Instagram:mat1981,2/14/2015 10:54,E13
16093829,BetfairItalia,BetfairItalia,901,10451,1265,323,38,24,Tue Sep 02 06:48:00 +0000 2008,https://www.betfair.it,it,Rome,Milano,,,1,http://a0.twimg.com/profile_images/1461440208/arr_normal.jpg,https://si0.twimg.com/profile_banners/16093829/1348433953,1,https://si0.twimg.com/profile_background_images/641601249/260r3f8i66tjo2xcrpgw.jpeg,0,https://si0.twimg.com/profile_images/1461440208/arr_normal.jpg,E1E1E1,,E1E1E1,http://a0.twimg.com/profile_background_images/641601249/260r3f8i66tjo2xcrpgw.jpeg,FFBB00,00A82C,3600,,,"Suggerimenti per le scommesse, commenti e news sportive in tempo reale dall'account italiano di Betfair. Siamo anche su Facebook. https://t.co/tPOBpO3u",2/14/2015 10:54,E13
16591972,aldofontana,aldofontana,72,2784,256,873,284,2,Sat Oct 04 15:05:37 +0000 2008,http://www.studioarches.it,it,Rome,"milan, Italy",,,,http://a0.twimg.com/profile_images/1182667829/Foto0109_normal.jpg,NULL,1,https://si0.twimg.com/images/themes/theme7/bg.gif,333333,https://si0.twimg.com/profile_images/1182667829/Foto0109_normal.jpg,DFDFDF,,F3F3F3,http://a0.twimg.com/images/themes/theme7/bg.gif,EBEBEB,990000,3600,,,"nano, bio, info, web, tech... architect, what else?",2/14/2015 10:54,E13
16927266,Davide D'Amico,davidedamico,49,823,43,109,5,1,Thu Oct 23 14:22:26 +0000 2008,,it,Rome,"Milano, Lombardia",,,,http://a0.twimg.com/profile_images/3198922809/56093954657b9415ecb10ee07214c313_normal.jpeg,NULL,1,https://si0.twimg.com/images/themes/theme4/bg.gif,3C3940,https://si0.twimg.com/profile_images/3198922809/56093954657b9415ecb10ee07214c313_normal.jpeg,5ED4DC,,95E8EC,http://a0.twimg.com/images/themes/theme4/bg.gif,0099B9,0099B9,3600,,,root@localhost.,2/14/2015 10:54,E13
17654864,LuigiCS,LuigiCS,764,442,79,259,0,3,Wed Nov 26 17:41:01 +0000 2008,http://greendemos.blogspot.com/,en,Rome,London,1,,,http://a0.twimg.com/profile_images/1645001930/98d602aa0fc44f3b817c6231ba767616_7_normal.jpg,NULL,1,https://si0.twimg.com/images/themes/theme1/bg.png,333333,https://si0.twimg.com/profile_images/1645001930/98d602aa0fc44f3b817c6231ba767616_7_normal.jpg,C0DEED,,DDEEF6,http://a0.twimg.com/images/themes/theme1/bg.png,C0DEED,0084B4,3600,,,Studente-Disoccupato. Apolide-Meridionalista,2/14/2015 10:54,E13
17852114,Paola Scarpini,paola_uk,748,350,86,131,116,3,Wed Dec 03 22:56:45 +0000 2008,,en,London,UK,,,1,http://a0.twimg.com/profile_images/1336459321/Picture_7_normal.jpg,https://si0.twimg.com/profile_banners/17852114/1354466112,1,https://si0.twimg.com/profile_background_images/810152442/c78398618b53e26e7ded50b0694c94ff.png,960602,https://si0.twimg.com/profile_images/1336459321/Picture_7_normal.jpg,FAF9EE,1,F2E8A2,http://a0.twimg.com/profile_background_images/810152442/c78398618b53e26e7ded50b0694c94ff.png,550403,7A0203,0,,,"Medievalist in French and Italian Literature, (finally!) I'm a Doctor, fighting with academia most of the time, I still don't know why I'm in England. ",2/14/2015 10:54,E13
18173213,lizzappi,lizzappi,3399,3694,393,1047,6,8,Tue Dec 16 21:25:09 +0000 2008,http://t.co/ULh7ytYO,en,Eastern Time (US & Canada),Miami Beach,,,,http://a0.twimg.com/profile_images/567263347/untitledsmm_normal.bmp,NULL,1,https://si0.twimg.com/profile_background_images/748005704/ac48121a528ef2048ad01d9c5a021fe0.jpeg,333333,https://si0.twimg.com/profile_images/567263347/untitledsmm_normal.bmp,FFFFFF,1,EFEFEF,http://a0.twimg.com/profile_background_images/748005704/ac48121a528ef2048ad01d9c5a021fe0.jpeg,BF1238,BF1238,-18000,,,Political Art-Politics-Africa-Cinema-History-Social-Business-Afrobeat-Jazz-BRIC-Non-Profit-Emancipation-Education-Social Justice-We The People-FELA-SADE-& You ,2/14/2015 10:54,E13
18527544,Carlito,CarloFPC,1900,9686,208,196,219,4,Thu Jan 01 12:37:42 +0000 2009,http://oblab.com,it,Rome,,,,1,http://a0.twimg.com/profile_images/3263412668/9fc275ff414c5556d2f225d0f7022ebb_normal.jpeg,https://si0.twimg.com/profile_banners/18527544/1356721253,1,https://si0.twimg.com/images/themes/theme9/bg.gif,666666,https://si0.twimg.com/profile_images/3263412668/9fc275ff414c5556d2f225d0f7022ebb_normal.jpeg,181A1E,,252429,http://a0.twimg.com/images/themes/theme9/bg.gif,1A1B1F,2FC2EF,3600,,,"Informatico per svago, fotografo per caso, volontario Emergency per scelta.",2/14/2015 10:54,E13
18671285,Andrea Gottardi,AndreaGot,29,16427,555,755,8,18,Tue Jan 06 11:56:03 +0000 2009,http://www.facebook.com/andrea.gottardi,en,Rome,"46.140645,11.110448",,,1,http://a0.twimg.com/profile_images/1848005295/spaceinvader_normal.jpg,https://si0.twimg.com/profile_banners/18671285/1354486889,1,https://si0.twimg.com/profile_background_images/328957326/1440_Abstract_Blue_Cubes.jpg,0,https://si0.twimg.com/profile_images/1848005295/spaceinvader_normal.jpg,30303,,42C3FF,http://a0.twimg.com/profile_background_images/328957326/1440_Abstract_Blue_Cubes.jpg,0,FF0000,3600,,,"Andrea, 21, #unitn CS studenthttp://t.co/xHFKPdphDD",2/14/2015 10:54,E13
18735790,Andrea Valdi,avaldi,12,1006,85,121,19,1,Wed Jan 07 20:06:43 +0000 2009,http://t.co/SciShGOF,en,Rome,Monza,,,1,http://a0.twimg.com/profile_images/3316581346/4acbee7e48b1870a2371a04c9df72f5f_normal.jpeg,https://si0.twimg.com/profile_banners/18735790/1354743301,1,https://si0.twimg.com/images/themes/theme13/bg.gif,333333,https://si0.twimg.com/profile_images/3316581346/4acbee7e48b1870a2371a04c9df72f5f_normal.jpeg,EEEEEE,,FFFFFF,http://a0.twimg.com/images/themes/theme13/bg.gif,B2DFDA,93A644,3600,,,Computer Engineering MSc Student @polimi. Dreamer. Traveler. And much more.,2/14/2015 10:54,E13
18800245,roby mca,robymca,711,1122,300,951,8,6,Fri Jan 09 12:58:35 +0000 2009,http://www.studiom2.it,it,Greenland,Turin - Italy,,,1,http://a0.twimg.com/profile_images/1676904862/foto_normal.jpg,NULL,1,https://si0.twimg.com/profile_background_images/474815319/x61df215d90dd16a0e61d44b3b189f85.jpg,CDC1B5,https://si0.twimg.com/profile_images/1676904862/foto_normal.jpg,ACBAAB,,8F6646,http://a0.twimg.com/profile_background_images/474815319/x61df215d90dd16a0e61d44b3b189f85.jpg,A6A497,D04B06,-10800,,,Freelance 3d graphic - Architect,2/14/2015 10:54,E13
19598248,alberto,tafferugli,4525,1386,88,267,106,0,Tue Jan 27 15:57:57 +0000 2009,http://mas-cio.blogspot.it,en,Amsterdam,Rosà - North-East of Italy,,,1,http://a0.twimg.com/profile_images/691616051/P8110158_2_normal.JPG,https://si0.twimg.com/profile_banners/19598248/1354092966,1,https://si0.twimg.com/profile_background_images/811834120/1a087ac9f0e63b4ba531084f2da09873.jpeg,3E4415,https://si0.twimg.com/profile_images/691616051/P8110158_2_normal.JPG,FFFFFF,1,99CC33,http://a0.twimg.com/profile_background_images/811834120/1a087ac9f0e63b4ba531084f2da09873.jpeg,352726,D02B55,3600,,,queo justo - I [_|_] YOU!,2/14/2015 10:54,E13
21102000,ϟ Australia ☮ ,vera92,172,18267,1964,2003,22732,4,Tue Feb 17 16:19:33 +0000 2009,http://data.whicdn.com/images/38166758/tumblr_mar6z8fZJl1qzydh2o7_500_large.gif,it,Rome,"September 1, Platform 9 ¾ ",,,1,http://a0.twimg.com/profile_images/3323080834/87b25ceeb835429c2e4e416c4cc71d58_normal.gif,https://si0.twimg.com/profile_banners/21102000/1363788845,1,https://si0.twimg.com/profile_background_images/819442192/c70fb7a55ff5e872d39ef50a9b4d7f81.jpeg,0427B5,https://si0.twimg.com/profile_images/3323080834/87b25ceeb835429c2e4e416c4cc71d58_normal.gif,FFFFFF,1,AF09F0,http://a0.twimg.com/profile_background_images/819442192/c70fb7a55ff5e872d39ef50a9b4d7f81.jpeg,0EBBF0,F50565,3600,,,"Vera (21),Italy.Love Cinema and travelling.Fan of Friends,JenAniston,HarryPotter,@EmWatson ,THG,JenLawrence♥ In love with @LoganLerman",2/14/2015 10:54,E13
21770069,Giuliano Federico,giulianofederic,85,15365,3813,1505,550,63,Tue Feb 24 16:48:15 +0000 2009,http://www.giulianofederico.com,en,Rome,"45.472137,9.208698",,,1,http://a0.twimg.com/profile_images/2360528975/x141r4ss6q5os7rmwk80_normal.jpeg,https://si0.twimg.com/profile_banners/21770069/1347991821,1,https://si0.twimg.com/profile_background_images/662823937/rtepfuz24l8w32t1vk3h.jpeg,6680AD,https://si0.twimg.com/profile_images/2360528975/x141r4ss6q5os7rmwk80_normal.jpeg,050D2E,1,E7E9F5,http://a0.twimg.com/profile_background_images/662823937/rtepfuz24l8w32t1vk3h.jpeg,FFFFFF,283670,3600,,,Founder BRAGA+FEDERICO  art direction. connecting talents. scouting. sharing. story telling. movies. http://t.co/ZXSWBylM,2/14/2015 10:54,E13
22015750,Fabrizio Pagani,fpagani,552,2242,552,1446,13,8,Thu Feb 26 14:47:13 +0000 2009,,en,Paris,"Paris, Europe",,,1,http://a0.twimg.com/profile_images/2008867998/superphoto_normal.JPG,NULL,1,https://si0.twimg.com/profile_background_images/171372692/xca15b87da5a851bacb9b01160ffb64c.jpg,72B9BF,https://si0.twimg.com/profile_images/2008867998/superphoto_normal.JPG,A0EEF5,,1A3F57,http://a0.twimg.com/profile_background_images/171372692/xca15b87da5a851bacb9b01160ffb64c.jpg,FFFFFF,9DDD95,3600,,,"International and Italian politics and policies, running, flights, literature, travels, big cities, Paris, Rome - opinions expressed are only mine",2/14/2015 10:54,E13
22136015,Alessia.,aliareblu,4561,4149,279,64,20,22,Fri Feb 27 12:53:20 +0000 2009,,en,Rome,Italy,,,,http://a0.twimg.com/profile_images/2793016545/7feacf6b5635def1eca7740e6426f53e_normal.jpeg,https://si0.twimg.com/profile_banners/22136015/1351773248,1,https://si0.twimg.com/images/themes/theme5/bg.gif,3E4415,https://si0.twimg.com/profile_images/2793016545/7feacf6b5635def1eca7740e6426f53e_normal.jpeg,829D5E,,99CC33,http://a0.twimg.com/images/themes/theme5/bg.gif,352726,D02B55,3600,,,"Start the game.I che che - che che I - che che che - ka tak kohchoose to choosechoose to choose, choose to go.",2/14/2015 10:54,E13
22203964,Gianni Sibilla,giannisibilla,1472,8384,2526,299,1178,41,Fri Feb 27 23:07:04 +0000 2009,http://www.rockol.it,it,Rome,Milan,,,1,http://a0.twimg.com/profile_images/643733162/Tropedelic_normal.jpg,https://si0.twimg.com/profile_banners/22203964/1359312323,1,https://si0.twimg.com/profile_background_images/56266456/california7_andreo_big.jpg,1A0836,https://si0.twimg.com/profile_images/643733162/Tropedelic_normal.jpg,A9DBDE,1,A61C1C,http://a0.twimg.com/profile_background_images/56266456/california7_andreo_big.jpg,0099B9,54087,3600,,,"Part lies, part heart, part truth, part garbage(giornalista, prof., fan e chissà cos'altro, diviso tra @rockolpoprock, @mastermusica, gadget e cani)",2/14/2015 10:54,E13
22508731,mavi zanirato,mavitheweirdo,11,612,100,259,24,2,Mon Mar 02 17:32:36 +0000 2009,,it,Rome,"Rimini, Italy",,,1,http://a0.twimg.com/profile_images/3176460716/4082ccd5d9697f851bd6f7d6c8ceccdd_normal.jpeg,NULL,1,https://si0.twimg.com/profile_background_images/682687934/31c51254ec31a5c5d2f9eb523d766cba.png,FD0F03,https://si0.twimg.com/profile_images/3176460716/4082ccd5d9697f851bd6f7d6c8ceccdd_normal.jpeg,390402,1,935545,http://a0.twimg.com/profile_background_images/682687934/31c51254ec31a5c5d2f9eb523d766cba.png,45938A,FE4F02,3600,,,graphic designer & music addicted,2/14/2015 10:54,E13
22627606,Gianluca,gian_lu,0,660,126,407,0,0,Tue Mar 03 14:21:29 +0000 2009,http://www.surfvarazze.it,en,Rome,italia,,,1,http://a0.twimg.com/profile_images/1569849993/image_normal.jpg,NULL,,https://si0.twimg.com/images/themes/theme1/bg.png,800,https://si0.twimg.com/profile_images/1569849993/image_normal.jpg,C5DEE0,,FFFFFF,http://a0.twimg.com/images/themes/theme1/bg.png,FFFFFF,015A70,3600,,,it ain't over 'till u say so,2/14/2015 10:54,E13
22985259,Enrico Priora,lo_scotchatore,12,5287,849,1846,117,3,Thu Mar 05 21:51:18 +0000 2009,,it,Rome,Torino,,,,http://a0.twimg.com/profile_images/3391647260/b27267a186b0114f1c28f95591bfbc49_normal.jpeg,https://si0.twimg.com/profile_banners/22985259/1359194474,1,https://si0.twimg.com/profile_background_images/635103764/2ttu8que81pguyulmxys.jpeg,666666,https://si0.twimg.com/profile_images/3391647260/b27267a186b0114f1c28f95591bfbc49_normal.jpeg,181A1E,1,252429,http://a0.twimg.com/profile_background_images/635103764/2ttu8que81pguyulmxys.jpeg,1A1B1F,2FC2EF,3600,,,"Ho una cicatrice, sembra un tatuaggio sai che cosa dice: avanti coraggio!",2/14/2015 10:54,E13
23748269,Francesca B.,elektra3000,313,2275,165,285,181,4,Wed Mar 11 11:22:43 +0000 2009,,en,Rome,Bologna - Reggio Emilia,,,,http://a0.twimg.com/profile_images/1801657989/image_normal.jpg,NULL,1,https://si0.twimg.com/profile_background_images/511742811/282_TMH6828.jpg,333333,https://si0.twimg.com/profile_images/1801657989/image_normal.jpg,C0DEED,1,DDEEF6,http://a0.twimg.com/profile_background_images/511742811/282_TMH6828.jpg,C0DEED,0084B4,3600,,,Digital manager ,2/14/2015 10:54,E13
23847948,Wrinzo,LemonWrin,104,3551,87,174,7,2,Wed Mar 11 22:57:59 +0000 2009,http://www.flickr.com/photos/arinalia/,en,Rome,"Italy, Milano",,,1,http://a0.twimg.com/profile_images/3236236426/7dabaa3e4489f2a56f22a631c53bd1be_normal.jpeg,https://si0.twimg.com/profile_banners/23847948/1355564111,1,https://si0.twimg.com/profile_background_images/376851124/76027_Pop-Art-Ducky-Posters.jpg,333333,https://si0.twimg.com/profile_images/3236236426/7dabaa3e4489f2a56f22a631c53bd1be_normal.jpeg,D8F8DA,1,CCFFF9,http://a0.twimg.com/profile_background_images/376851124/76027_Pop-Art-Ducky-Posters.jpg,CEE89A,4600B4,3600,,,"I just discovered that penguins are horrible animals, rapists and necrophiliacs! http://t.co/pIJyLMim",2/14/2015 10:54,E13
24352106,Gianluca Misino,gianlucamisino,11,282,12,36,6,0,Sat Mar 14 09:54:10 +0000 2009,,it,Paris,Saint Germain en Laye,,,,http://a0.twimg.com/profile_images/2385851705/image_normal.jpg,https://si0.twimg.com/profile_banners/24352106/1359728795,1,https://si0.twimg.com/profile_background_images/611871461/milano.jpg,333333,https://si0.twimg.com/profile_images/2385851705/image_normal.jpg,EEEEEE,1,EFEFEF,http://a0.twimg.com/profile_background_images/611871461/milano.jpg,131516,9999,3600,,,Milanese espatriato. Milanista praticante.                 ,2/14/2015 10:54,E13
24510304,Gabriele Pierro,GabPierro,16836,493,47,80,24,0,Sun Mar 15 10:59:43 +0000 2009,http://gabrielepierro.tumblr.com,it,Rome,Trieste (Italy),,,1,http://a0.twimg.com/profile_images/3085828015/3c6a9d7e2967bffee49ddc9575285740_normal.jpeg,https://si0.twimg.com/profile_banners/24510304/1357725892,1,https://si0.twimg.com/profile_background_images/231354996/Black_And_White_Sunset.jpg,663B12,https://si0.twimg.com/profile_images/3085828015/3c6a9d7e2967bffee49ddc9575285740_normal.jpeg,C6E2EE,,DAECF4,http://a0.twimg.com/profile_background_images/231354996/Black_And_White_Sunset.jpg,C6E2EE,1F98C7,3600,,,true perfection has to be imperfect.,2/14/2015 10:54,E13
25442408,Filippo Satolli,youmakemephil,0,1012,283,268,15,3,Fri Mar 20 02:36:43 +0000 2009,http://br.linkedin.com/in/filipposatolli,en,Brasilia,Brazilian Soul,,,,http://a0.twimg.com/profile_images/2257513941/CIMG0320_copy_normal.JPG,https://si0.twimg.com/profile_banners/25442408/1355325446,1,https://si0.twimg.com/profile_background_images/289176951/1283095444842_f.jpg,333333,https://si0.twimg.com/profile_images/2257513941/CIMG0320_copy_normal.JPG,BDDCAD,1,CFCCFF,http://a0.twimg.com/profile_background_images/289176951/1283095444842_f.jpg,9AE4E8,0084B4,-10800,,,"Enthusiastic and passionate person always looking for new challenges. Music, Internet, Technology, Travel, Sports are mine interests. In few words: I love life!",2/14/2015 10:54,E13
25911628,Giacomo Tenaglia,gtenagli,983,1706,134,257,0,2,Mon Mar 23 00:03:18 +0000 2009,http://cern.ch/g,en,Bern,"CERN, Geneva, Switzerland",,,,http://a0.twimg.com/profile_images/2788963420/fd4b30b7ff4525a5230a88b782509441_normal.jpeg,NULL,,https://si0.twimg.com/images/themes/theme1/bg.png,333333,https://si0.twimg.com/profile_images/2788963420/fd4b30b7ff4525a5230a88b782509441_normal.jpeg,FFFFFF,,FCFCFC,http://a0.twimg.com/images/themes/theme1/bg.png,FFFFFF,0084B4,3600,,,"Operations at CERN IT dept, Database group.",2/14/2015 10:54,E13
26232444,onofrio mastrandrea,OnofrioMas,1312,103,45,66,0,0,Tue Mar 24 13:08:22 +0000 2009,,it,Rome,Bari,,,,http://a0.twimg.com/profile_images/1570641437/251465_10150727011495713_559205712_19709523_4714134_n_normal.jpg,NULL,1,https://si0.twimg.com/profile_background_images/152669064/the-road.jpg,3573B1,https://si0.twimg.com/profile_images/1570641437/251465_10150727011495713_559205712_19709523_4714134_n_normal.jpg,0,1,0,http://a0.twimg.com/profile_background_images/152669064/the-road.jpg,75A0CB,75A0CB,3600,,,YOLO !,2/14/2015 10:54,E13
26771352,Alfonso Paciello,alonzo_89,565,189,35,178,6,0,Thu Mar 26 15:18:02 +0000 2009,,it,Rome,,,,,http://a0.twimg.com/profile_images/3113479739/8d456aa874499d0e152cc2e07ae9cde7_normal.jpeg,NULL,1,https://si0.twimg.com/profile_background_images/440952508/highandlow.jpg,333333,https://si0.twimg.com/profile_images/3113479739/8d456aa874499d0e152cc2e07ae9cde7_normal.jpeg,0,1,F6FFD1,http://a0.twimg.com/profile_background_images/440952508/highandlow.jpg,FFFFFF,FF0000,3600,,,"Since 1989.Salerno, lower east side.",2/14/2015 10:54,E13
27241975,Alfredo Ghilarducci,lfred0,1628,3720,179,154,6,2,Sat Mar 28 15:01:27 +0000 2009,,en,Rome,Viareggio,,,,http://a0.twimg.com/profile_images/2680977089/180da98904a32e0830eb1de5d1779bf1_normal.jpeg,https://si0.twimg.com/profile_banners/27241975/1349380154,1,https://si0.twimg.com/profile_background_images/127796831/bellagio.jpg,333333,https://si0.twimg.com/profile_images/2680977089/180da98904a32e0830eb1de5d1779bf1_normal.jpeg,C0DEED,,DDEEF6,http://a0.twimg.com/profile_background_images/127796831/bellagio.jpg,C0DEED,0084B4,3600,,,Forward. Not back.,2/14/2015 10:54,E13
27422705,Massimo Capone,massimocapone,6559,1566,110,295,71,1,Sun Mar 29 13:22:53 +0000 2009,,en,Rome,Rome,,,1,http://a0.twimg.com/profile_images/247474557/Frog_normal.png,https://si0.twimg.com/profile_banners/27422705/1362578660,1,https://si0.twimg.com/images/themes/theme12/bg.gif,0C3E53,https://si0.twimg.com/profile_images/247474557/Frog_normal.png,F2E195,,FFF7CC,http://a0.twimg.com/images/themes/theme12/bg.gif,BADFCD,FF0000,3600,,,Tra Ziggy Stardust e Groucho Marx. Fisico dalla memoria eidetica poco selettiva. Scrittore di acronimi,2/14/2015 10:54,E13
27636956,aldo rosati,aldorosati,27753,1672,627,1089,11,4,Mon Mar 30 13:37:01 +0000 2009,,it,Rome,Firenze,,,,http://a0.twimg.com/profile_images/3100211525/6ea314d9afb5f46fdf65a2c4d6e853e1_normal.jpeg,NULL,1,https://si0.twimg.com/images/themes/theme12/bg.gif,0C3E53,https://si0.twimg.com/profile_images/3100211525/6ea314d9afb5f46fdf65a2c4d6e853e1_normal.jpeg,F2E195,,FFF7CC,http://a0.twimg.com/images/themes/theme12/bg.gif,BADFCD,FF0000,3600,,,"Be', si è giovani una volta sola, ma si può essere immaturi per sempre (Philip R.)",2/14/2015 10:54,E13
27887098,Marta Frediani,martinit87,20,969,69,210,233,1,Tue Mar 31 15:01:45 +0000 2009,http://www.myspace.com/peacemartinit,it,Rome,"Terrarossa, Tuscany, Italy",,,1,http://a0.twimg.com/profile_images/2412083722/rr3tssr65ar94ph5ey8n_normal.jpeg,https://si0.twimg.com/profile_banners/27887098/1360707855,1,https://si0.twimg.com/images/themes/theme9/bg.gif,666666,https://si0.twimg.com/profile_images/2412083722/rr3tssr65ar94ph5ey8n_normal.jpeg,181A1E,,252429,http://a0.twimg.com/images/themes/theme9/bg.gif,1A1B1F,2FC2EF,3600,,,Born to survive,2/14/2015 10:54,E13
28313453,marco,chewzer,7013,7307,378,239,2620,30,Thu Apr 02 10:18:53 +0000 2009,http://chewzer.com,es,Madrid,Barcelona,,,1,http://a0.twimg.com/profile_images/1884685381/image_normal.jpg,https://si0.twimg.com/profile_banners/28313453/1354637590,1,https://si0.twimg.com/profile_background_images/231348862/Untitled-1.gif,3C3D40,https://si0.twimg.com/profile_images/1884685381/image_normal.jpg,796DA8,,EBEBEB,http://a0.twimg.com/profile_background_images/231348862/Untitled-1.gif,FFFFFF,0094C1,3600,,,Un italiano en camino.,2/14/2015 10:54,E13
28342883,Claudia Cecconato,LadyZazie,10536,4240,1012,1449,578,25,Thu Apr 02 14:03:52 +0000 2009,http://t.co/Z5hdNJfO,it,Greenland,rome,,,1,http://a0.twimg.com/profile_images/118676490/Claudia_cecconato__2__normal.JPG,NULL,1,https://si0.twimg.com/images/themes/theme9/bg.gif,666666,https://si0.twimg.com/profile_images/118676490/Claudia_cecconato__2__normal.JPG,181A1E,,252429,http://a0.twimg.com/images/themes/theme9/bg.gif,1A1B1F,2FC2EF,-10800,,,la mia Bio di prima era peggiohttp://t.co/Z5hdNJfO (Reetweets are not endorsement),2/14/2015 10:54,E13
28363979,Daniele Stella,danielestella,1741,74,16,42,88,0,Thu Apr 02 16:04:44 +0000 2009,,en,,"iPhone: 44.275872,12.347541",1,,,http://a0.twimg.com/profile_images/279975450/me-caravaggio_normal.JPG,NULL,1,https://si0.twimg.com/images/themes/theme1/bg.png,333333,https://si0.twimg.com/profile_images/279975450/me-caravaggio_normal.JPG,C0DEED,,DDEEF6,http://a0.twimg.com/images/themes/theme1/bg.png,C0DEED,0084B4,,,,http://it.linkedin.com/in/daniestella,2/14/2015 10:54,E13
28845598,il_wallflower,ROSSBNCRGL,797,6866,463,330,2180,5,Sat Apr 04 18:41:31 +0000 2009,http://rosarioboncoraglio.tumblr.com/,en,Greenland,milano,,,1,http://a0.twimg.com/profile_images/3382411015/3846ec2186065562129f3220b89eb442_normal.jpeg,https://si0.twimg.com/profile_banners/28845598/1363192231,1,https://si0.twimg.com/profile_background_images/813650217/03d234e5c7afb0ce1ee8cd6ed164d360.jpeg,333333,https://si0.twimg.com/profile_images/3382411015/3846ec2186065562129f3220b89eb442_normal.jpeg,FFFFFF,1,E6F6F9,http://a0.twimg.com/profile_background_images/813650217/03d234e5c7afb0ce1ee8cd6ed164d360.jpeg,DBE9ED,CC3366,-10800,,,http://t.co/BLPceOw1http://t.co/tuXfwS6l,2/14/2015 10:54,E13
29500667,Michele ,FioMaravillha,109,31546,151,301,294,2,Tue Apr 07 17:52:03 +0000 2009,,it,Rome,Italia,,,,http://a0.twimg.com/profile_images/3457838748/196c12c4ee98703e8ee219c3f6ca4aac_normal.png,NULL,1,https://si0.twimg.com/profile_background_images/804205640/cf4825f36f1330e31f72319cd6039c92.png,0,https://si0.twimg.com/profile_images/3457838748/196c12c4ee98703e8ee219c3f6ca4aac_normal.png,FFFFFF,1,DFF2E2,http://a0.twimg.com/profile_background_images/804205640/cf4825f36f1330e31f72319cd6039c92.png,C5C9B1,0084B4,3600,,,Macabro è in laboratorio,2/14/2015 10:54,E13
29510629,Angelica Ferrari,AngiF117,722,966,69,318,3,0,Tue Apr 07 18:37:58 +0000 2009,,en,,Santo Stefano Lodigiano,,,1,http://a0.twimg.com/profile_images/3145343102/80c8b80b24275220c4d028d99004fc4e_normal.jpeg,https://si0.twimg.com/profile_banners/29510629/1363282402,1,https://si0.twimg.com/profile_background_images/772166446/98c97faf36515b2bcf15a5f94be4a3c0.jpeg,634047,https://si0.twimg.com/profile_images/3145343102/80c8b80b24275220c4d028d99004fc4e_normal.jpeg,FFFFFF,1,E3E2DE,http://a0.twimg.com/profile_background_images/772166446/98c97faf36515b2bcf15a5f94be4a3c0.jpeg,F0CA09,2409EB,,,,I'd Rather Be A Comma Then A Full Stop [Coldplay]. I ♥ Music.,2/14/2015 10:54,E13
29646177,zu Petru ,uzupetru,0,28808,2638,1743,1021,39,Wed Apr 08 05:06:29 +0000 2009,,it,Rome,micro chip n. 3,,,,http://a0.twimg.com/profile_images/3401392673/62b5cb6df61077d93851a4740d3ddc21_normal.gif,https://si0.twimg.com/profile_banners/29646177/1364741902,1,https://si0.twimg.com/profile_background_images/801014456/753320f4350cfdd0e06979167d579681.jpeg,3C3940,https://si0.twimg.com/profile_images/3401392673/62b5cb6df61077d93851a4740d3ddc21_normal.gif,FFFFFF,1,95E8EC,http://a0.twimg.com/profile_background_images/801014456/753320f4350cfdd0e06979167d579681.jpeg,0099B9,D90F2A,3600,,,"Ogni uomo, per quanto furbo, ha bisogno dei consigli di un amico molto scaltro negli affari della vita....",2/14/2015 10:54,E13
30062603,Moira Colantoni,MoiraColantoni,423,386,88,205,25,1,Thu Apr 09 20:41:47 +0000 2009,,it,Greenland,Italy ,,,1,http://a0.twimg.com/profile_images/2999319255/bd8d526787b10945e6136410c9939fb8_normal.jpeg,https://si0.twimg.com/profile_banners/30062603/1356025296,,https://si0.twimg.com/images/themes/theme7/bg.gif,0,https://si0.twimg.com/profile_images/2999319255/bd8d526787b10945e6136410c9939fb8_normal.jpeg,FFFFFF,,104027,http://a0.twimg.com/images/themes/theme7/bg.gif,0,474447,-10800,,,"Studentessa in Industria Culturale e Comunicazione Digitale @Sapienza Affetta da fobia delle audience, s-, iper-, dis-, inter-, connessa (si spera). ",2/14/2015 10:54,E13
31102741,Francesco capone,pirata1010,450,3763,1169,1642,32,7,Tue Apr 14 11:38:08 +0000 2009,,it,Greenland,"procida,italy",,,1,http://a0.twimg.com/profile_images/3045832467/e07bdfc23d57f2116f2b19ecd3b61533_normal.jpeg,NULL,1,https://si0.twimg.com/profile_background_images/585907608/9qp0lqzpvu1qeo4wbpip.jpeg,333333,https://si0.twimg.com/profile_images/3045832467/e07bdfc23d57f2116f2b19ecd3b61533_normal.jpeg,C0DEED,1,DDEEF6,http://a0.twimg.com/profile_background_images/585907608/9qp0lqzpvu1qeo4wbpip.jpeg,C0DEED,0084B4,-10800,,,"Credo nelle persone vere,credo nelle forti emozioni,sono sempre alla ricerca della verità e sono innamorato di DelPiero e della Juventus",2/14/2015 10:54,E13
31162918,Daniele Cruciani,danielecr,530,522,319,793,10,11,Tue Apr 14 16:41:53 +0000 2009,http://www.smartango.com/,en,Rome,"Tolentino, Italy",1,,1,http://a0.twimg.com/profile_images/522912882/twitterProfilePhoto_normal.jpg,https://si0.twimg.com/profile_banners/31162918/1357222608,1,https://si0.twimg.com/images/themes/theme1/bg.png,333333,https://si0.twimg.com/profile_images/522912882/twitterProfilePhoto_normal.jpg,C0DEED,,DDEEF6,http://a0.twimg.com/images/themes/theme1/bg.png,C0DEED,0084B4,3600,,,"Developer: j2me, php, perl, mysql, javascript, drupal, CI, jQuery",2/14/2015 10:54,E13
32025215,Eleonora Boi,_SallyJade,246,30547,445,489,304,16,Thu Apr 16 17:46:57 +0000 2009,,en,Greenland,"ÜT: 45.51229,8.206247",,,,http://a0.twimg.com/profile_images/3107160539/419c8d4a1c32b5c816e4a8870936fb86_normal.jpeg,https://si0.twimg.com/profile_banners/32025215/1358152221,1,https://si0.twimg.com/profile_background_images/81993442/mqmusicallyretroistic.br.jpg,333333,https://si0.twimg.com/profile_images/3107160539/419c8d4a1c32b5c816e4a8870936fb86_normal.jpeg,4.17E+22,,40C2F2,http://a0.twimg.com/profile_background_images/81993442/mqmusicallyretroistic.br.jpg,D9D3D3,D60500,-10800,,,"My alter ego is so bad, but i'm a good girl.            Sally Jade Parker has a dirty little secret ♥ ",2/14/2015 10:54,E13
32130104,Alberto Brambilla,Al_Brambilla,69,6175,362,318,181,11,Thu Apr 16 19:55:32 +0000 2009,http://www.bluebirdnews.altervista.org,en,Greenland,Rome,,,,http://a0.twimg.com/profile_images/3348950266/b2ef213c0d50fa88c3e4ba3a0e6cda2c_normal.jpeg,https://si0.twimg.com/profile_banners/32130104/1348179552,1,https://si0.twimg.com/profile_background_images/665000318/de66833e3567de740abd5c12d41b56cf.jpeg,333333,https://si0.twimg.com/profile_images/3348950266/b2ef213c0d50fa88c3e4ba3a0e6cda2c_normal.jpeg,FFFFFF,,F6F6F6,http://a0.twimg.com/profile_background_images/665000318/de66833e3567de740abd5c12d41b56cf.jpeg,0C0F0F,43385,-10800,,,Business Reporter @ Il Foglio - Contributor @ L'Espresso RT and views are my mom's (and she doesn't endorse anybody),2/14/2015 10:54,E13
32204918,Mario Spn,mario_spn,1,348,262,1513,28,1,Thu Apr 16 23:37:47 +0000 2009,,it,Rome,Italy,,,1,http://a0.twimg.com/profile_images/3458320712/57f8ee8d2f593f49a8fadb4f1bf73d2c_normal.jpeg,https://si0.twimg.com/profile_banners/32204918/1355686088,1,https://si0.twimg.com/profile_background_images/532373441/DSCN8471-1.jpg,333333,https://si0.twimg.com/profile_images/3458320712/57f8ee8d2f593f49a8fadb4f1bf73d2c_normal.jpeg,EEEEEE,,F6F6F6,http://a0.twimg.com/profile_background_images/532373441/DSCN8471-1.jpg,ACDED6,38543,3600,,,#nonlovoto #IoNonLoVoto,2/14/2015 10:54,E13
33950570,Cinzia Nanni,cinnamon1962,0,484,232,431,10,0,Tue Apr 21 16:13:23 +0000 2009,,en,Rome,Rome (Italy),1,,,http://a0.twimg.com/profile_images/2856412622/42ab8222fa8d38baa616355404c2c37a_normal.jpeg,NULL,1,https://si0.twimg.com/images/themes/theme1/bg.png,333333,https://si0.twimg.com/profile_images/2856412622/42ab8222fa8d38baa616355404c2c37a_normal.jpeg,C0DEED,,DDEEF6,http://a0.twimg.com/images/themes/theme1/bg.png,C0DEED,0084B4,3600,,,"2013, I still work in tourism, and my passions for travelling, yoga, swimming, natural products, beauty, crime books, life, new experiences are not fading a bit",2/14/2015 10:54,E13
34355343,Manuela★★★,LadyManuela,215,2190,46,122,15,0,Wed Apr 22 18:38:23 +0000 2009,,it,Greenland,là nell'abruzzo tutto d'or,,,,http://a0.twimg.com/profile_images/2967709239/fd392731846058640d921ac9971923e3_normal.jpeg,https://si0.twimg.com/profile_banners/34355343/1361021762,1,https://si0.twimg.com/profile_background_images/635148777/white_victorian.png,0,https://si0.twimg.com/profile_images/2967709239/fd392731846058640d921ac9971923e3_normal.jpeg,FFFFFF,1,FFFFFF,http://a0.twimg.com/profile_background_images/635148777/white_victorian.png,0A090A,0,-10800,,,"Oggi non faccio niente.Anche ieri non ho fatto niente,ma non avevo finito. ",2/14/2015 10:54,E13
34897604,Naomi Bressan,naomaccia,774,116,22,49,16,0,Fri Apr 24 10:53:24 +0000 2009,,en,Rome,"Hatfield, Hertfordshire",,,,http://a0.twimg.com/profile_images/1632729530/image_normal.jpg,https://si0.twimg.com/profile_banners/34897604/1357325357,1,https://si0.twimg.com/images/themes/theme9/bg.gif,666666,https://si0.twimg.com/profile_images/1632729530/image_normal.jpg,181A1E,,252429,http://a0.twimg.com/images/themes/theme9/bg.gif,1A1B1F,2FC2EF,3600,,,"Italian girl living in England, married to the perfect man. I love the sun, rock music, food, a laugh, singing and completely random things.",2/14/2015 10:54,E13
35737313,Paolo Zanotti,muyuy,0,482,26,73,5,0,Mon Apr 27 13:13:17 +0000 2009,,it,Greenland,,,,,http://a0.twimg.com/profile_images/3102820980/26790373b95b00ededdaa712ffd78185_normal.jpeg,NULL,1,https://si0.twimg.com/profile_background_images/256015834/DSC02224.jpg,E0E0E0,https://si0.twimg.com/profile_images/3102820980/26790373b95b00ededdaa712ffd78185_normal.jpeg,FFFFFF,,1D383D,http://a0.twimg.com/profile_background_images/256015834/DSC02224.jpg,172124,5EA0CC,-10800,,," Granata oltre il midollo e travel addicted. Curioso  dei Social e dell'Innovazione,vorrei essere un designer e viaggiare di più. ",2/14/2015 10:54,E13
36190135,Gru,JAYOGRAPHIC,6805,344,49,20,37,0,Tue Apr 28 21:31:17 +0000 2009,,it,Rome,,,,1,http://a0.twimg.com/profile_images/3450168124/58380120e6f37fd90dab59b207aec6f2_normal.jpeg,https://si0.twimg.com/profile_banners/36190135/1364907444,1,https://si0.twimg.com/profile_background_images/789396912/66b218fd7040a28f7edaba70457417a2.jpeg,8A7302,https://si0.twimg.com/profile_images/3450168124/58380120e6f37fd90dab59b207aec6f2_normal.jpeg,BCB302,,171106,http://a0.twimg.com/profile_background_images/789396912/66b218fd7040a28f7edaba70457417a2.jpeg,0F0A02,473623,3600,,,Despicable me,2/14/2015 10:54,E13
36381609,Lorenzo Petracco,Lorenzo_CW,0,1805,258,191,4,14,Wed Apr 29 15:17:10 +0000 2009,http://it.linkedin.com/in/lorenzopetracco,en,Rome,Milano,,,1,http://a0.twimg.com/profile_images/314223392/me_normal.jpg,https://si0.twimg.com/profile_banners/36381609/1355665366,1,https://si0.twimg.com/images/themes/theme1/bg.png,333333,https://si0.twimg.com/profile_images/314223392/me_normal.jpg,FFFFFF,,DDEEF6,http://a0.twimg.com/images/themes/theme1/bg.png,C0DEED,00B34E,3600,,,Let's tweet together and feel alright! Digital Practice Leader at @cohnwolfe Milan. All views expressed here are personal.,2/14/2015 10:54,E13
36727238,Corrado Andriani,andricor,36,748,85,460,80,1,Thu Apr 30 18:01:09 +0000 2009,http://www.thewiring.com,en,Bern,Zürich,,,1,http://a0.twimg.com/profile_images/3393365837/042e581d8c63c1b82cd873ae0ecb7e9d_normal.jpeg,https://si0.twimg.com/profile_banners/36727238/1359911660,1,https://si0.twimg.com/images/themes/theme14/bg.gif,333333,https://si0.twimg.com/profile_images/3393365837/042e581d8c63c1b82cd873ae0ecb7e9d_normal.jpeg,EEEEEE,1,EFEFEF,http://a0.twimg.com/images/themes/theme14/bg.gif,131516,9999,3600,,,If you think about it... at the end... it's not so complicated...,2/14/2015 10:54,E13
37539436,Audrey Mi,Audrey985,3,34917,1161,194,2,28,Mon May 04 00:03:07 +0000 2009,http://AvevoDiversiBlogMaLiHoCancellatiNonAvendoliMaiResiPubblici.com,en,London,"Milan, Italy",1,,,http://a0.twimg.com/profile_images/3410539361/fd7baaed02d57f5fa2fe2e77e26512e8_normal.jpeg,https://si0.twimg.com/profile_banners/37539436/1363895584,1,https://si0.twimg.com/images/themes/theme1/bg.png,333333,https://si0.twimg.com/profile_images/3410539361/fd7baaed02d57f5fa2fe2e77e26512e8_normal.jpeg,C0DEED,,DDEEF6,http://a0.twimg.com/images/themes/theme1/bg.png,C0DEED,0084B4,0,,,"actress, singer, artist ... now what?",2/14/2015 10:54,E13
37733715,my name's Zaitself,lineadue,4,3397,173,390,3,2,Mon May 04 19:27:52 +0000 2009,http://t.co/70UtElYp,en,Greenland,"Milan, Italy.",,,,http://a0.twimg.com/profile_images/1518922180/arancia_meccanica_pulita_03_normal.jpg,https://si0.twimg.com/profile_banners/37733715/1357997954,1,https://si0.twimg.com/profile_background_images/757149324/ce5f627f4c8ac19e834a838fe4122427.jpeg,666666,https://si0.twimg.com/profile_images/1518922180/arancia_meccanica_pulita_03_normal.jpg,FFFFFF,1,252429,http://a0.twimg.com/profile_background_images/757149324/ce5f627f4c8ac19e834a838fe4122427.jpeg,1A1B1F,2FC2EF,-10800,,,1/3 of Linea 2 nd 1/5 of Sankarap. 2 crews. we play ragga-hip-hop-amhardcore that bring hell to heaven and viceversa. ,2/14/2015 10:54,E13
37889070,Samantha coll'H,RaulBiova,8900,5561,587,295,4,9,Tue May 05 09:07:49 +0000 2009,,it,London,,,,1,http://a0.twimg.com/profile_images/3282858921/8bea63f6bd84be58eafb17188516f1d3_normal.jpeg,https://si0.twimg.com/profile_banners/37889070/1355491931,1,https://si0.twimg.com/profile_background_images/261830474/The-Holstee-Manifesto.jpg,333333,https://si0.twimg.com/profile_images/3282858921/8bea63f6bd84be58eafb17188516f1d3_normal.jpeg,070DB0,1,FFFFFF,http://a0.twimg.com/profile_background_images/261830474/The-Holstee-Manifesto.jpg,ACDED6,40485,0,,,"Ogni persona ne influenza un'altra, e questa ne influenza un'altra ancora, e il mondo è pieno di storie, che in realtà sono sempre la stessa. M. Albom",2/14/2015 10:54,E13
37922072,GiMmi Bragaglia ,GiMmiBragaglia,105694,3526,257,473,8,1,Tue May 05 13:24:57 +0000 2009,http://www.gimmibragaglia.it,it,Rome,Emilia Romagna,,,1,http://a0.twimg.com/profile_images/2759090695/3055e481cebffb7377cafc3c12e12fd9_normal.jpeg,https://si0.twimg.com/profile_banners/37922072/1356479849,,https://si0.twimg.com/profile_background_images/597313726/02x239zkxopq68pfepf3.jpeg,D10CD1,https://si0.twimg.com/profile_images/2759090695/3055e481cebffb7377cafc3c12e12fd9_normal.jpeg,FFFFFF,,EBEBEB,http://a0.twimg.com/profile_background_images/597313726/02x239zkxopq68pfepf3.jpeg,709397,413CDE,3600,,,#NAME?,2/14/2015 10:54,E13
38002859,Gaetano Pecoraro,GaetanoPecoraro,58,371,413,70,9,6,Tue May 05 19:51:08 +0000 2009,,it,Greenland,,,,,http://a0.twimg.com/profile_images/3393535948/4e12478fa2f0a8b724e4e24de674983d_normal.jpeg,https://si0.twimg.com/profile_banners/38002859/1364238027,1,https://si0.twimg.com/profile_background_images/42593401/schiena-dritta.jpg,666666,https://si0.twimg.com/profile_images/3393535948/4e12478fa2f0a8b724e4e24de674983d_normal.jpeg,181A1E,1,FFFFFF,http://a0.twimg.com/profile_background_images/42593401/schiena-dritta.jpg,1A1B1F,2FC2EF,-10800,,,Inviato @PiazzapulitaLA7 ,2/14/2015 10:54,E13
38223194,armando francia,armandofrancia,657,1361,149,463,289,2,Wed May 06 17:00:26 +0000 2009,,it,London,,,,,http://a0.twimg.com/profile_images/2807188876/d6fcda7087286bce428d8305de36780e_normal.jpeg,https://si0.twimg.com/profile_banners/38223194/1352059708,1,https://si0.twimg.com/profile_background_images/584564354/twilk_background_4fe2c9209f3d6.jpg,AB173E,https://si0.twimg.com/profile_images/2807188876/d6fcda7087286bce428d8305de36780e_normal.jpeg,182952,1,F5F5F5,http://a0.twimg.com/profile_background_images/584564354/twilk_background_4fe2c9209f3d6.jpg,BDBDBD,182952,0,,,"no wheat and no cucumbers, please",2/14/2015 10:54,E13
38730407,La Banda Gastrica,labandagastrica,0,887,280,502,13,1,Fri May 08 19:48:58 +0000 2009,http://www.labandagastrica.it,it,Rome,Prato,,,1,http://a0.twimg.com/profile_images/2053752279/banda_e_il_trota_normal.jpg,NULL,1,https://si0.twimg.com/images/themes/theme15/bg.png,333333,https://si0.twimg.com/profile_images/2053752279/banda_e_il_trota_normal.jpg,A8C7F7,,C0DFEC,http://a0.twimg.com/images/themes/theme15/bg.png,22330,0084B4,3600,,,Siamo un quartetto di favewer. La mancanza di rispetto è il nostro miglior biglietto da visita.,2/14/2015 10:54,E13
38972677,Andrea Maisano,PetitChevalier,159,3276,125,549,224,2,Sun May 10 01:53:39 +0000 2009,http://www.soundcloud.com/springdecade,en,Rome,"Milan, Italy ",,,1,http://a0.twimg.com/profile_images/205085145/3287_91885401423_633266423_2533036_1518252_n_normal.jpg,https://si0.twimg.com/profile_banners/38972677/1354717863,1,https://si0.twimg.com/profile_background_images/74745402/LEETHU2.jpg,666666,https://si0.twimg.com/profile_images/205085145/3287_91885401423_633266423_2533036_1518252_n_normal.jpg,181A1E,1,252429,http://a0.twimg.com/profile_background_images/74745402/LEETHU2.jpg,1A1B1F,2FC2EF,3600,,,"dreamer, sonic destroyer, lost knight, poor fool, cynic martyr, bored guy",2/14/2015 10:54,E13
39721490,Lazarus CRY,LazarusCRY,267,971,48,112,8,1,Wed May 13 09:47:13 +0000 2009,,it,Rome,"45.105605,7.379643",1,,1,http://a0.twimg.com/profile_images/3363039121/2bf7bdd1f0c3f62795d0b5425c431eaa_normal.jpeg,https://si0.twimg.com/profile_banners/39721490/1363709043,1,https://si0.twimg.com/images/themes/theme1/bg.png,333333,https://si0.twimg.com/profile_images/3363039121/2bf7bdd1f0c3f62795d0b5425c431eaa_normal.jpeg,C0DEED,,DDEEF6,http://a0.twimg.com/images/themes/theme1/bg.png,C0DEED,0084B4,3600,,,Netgamer since 1998 Se non ha il mirino non è un gioco,2/14/2015 10:54,E13
39748948,Fabrizio Paventi,fabriziopaventi,0,8173,231,433,413,3,Wed May 13 13:24:50 +0000 2009,http://t.co/0ld70rEdkN,it,Rome,Rome (Italy),,,1,http://a0.twimg.com/profile_images/247003476/Paventi_1_normal.JPG,NULL,1,https://si0.twimg.com/images/themes/theme15/bg.png,333333,https://si0.twimg.com/profile_images/247003476/Paventi_1_normal.JPG,A8C7F7,,C0DFEC,http://a0.twimg.com/images/themes/theme15/bg.png,22330,0084B4,3600,,,"teacher training company of national significance #e-learning in #credit, #information, #web2.0- #financial_advisor",2/14/2015 10:54,E13
41780152,Gianluca Selicato,goddobrando,193,728,120,406,16,1,Fri May 22 08:56:13 +0000 2009,http://www.consumatori.it/,it,Rome,,,,1,http://a0.twimg.com/profile_images/2855993636/95c6d6d55ebd7a95cf82850a7f7d985f_normal.jpeg,https://si0.twimg.com/profile_banners/41780152/1355015337,1,https://si0.twimg.com/profile_background_images/602542891/x5e40080c46c0ff0472748680c68eec8.jpg,ED710C,https://si0.twimg.com/profile_images/2855993636/95c6d6d55ebd7a95cf82850a7f7d985f_normal.jpeg,4.64E+54,1,171B1C,http://a0.twimg.com/profile_background_images/602542891/x5e40080c46c0ff0472748680c68eec8.jpg,0,BAB6B1,3600,,,l'equilibrio della trottola,2/14/2015 10:54,E13
41785738,maria giordano,mgiordano29,0,350,46,115,240,1,Fri May 22 09:58:46 +0000 2009,,it,Rome,roma ,,,,http://a0.twimg.com/profile_images/3130200612/867f0347883ecdc6ba903d2b4a9997ab_normal.jpeg,NULL,1,https://si0.twimg.com/profile_background_images/832587002/8d1e822259e849e709e1dc2c972e04b3.jpeg,333333,https://si0.twimg.com/profile_images/3130200612/867f0347883ecdc6ba903d2b4a9997ab_normal.jpeg,FFFFFF,,DDEEF6,http://a0.twimg.com/profile_background_images/832587002/8d1e822259e849e709e1dc2c972e04b3.jpeg,C0DEED,0084B4,3600,,,lavoro nel web per la comunicazione e i servizi ai cittadini,2/14/2015 10:54,E13
42676920,Beppe POSH,LoZioBeppe,1140,9626,508,1153,3819,0,Tue May 26 17:52:06 +0000 2009,http://t.co/J1VJlSqgHk,it,Rome,Oltrona di San Mamette (Co),,,1,http://a0.twimg.com/profile_images/2920920465/f6cc802ce4890c8df7247e02ef2e3e27_normal.jpeg,https://si0.twimg.com/profile_banners/42676920/1363950733,1,https://si0.twimg.com/profile_background_images/563082781/08_folies_bergere.jpg,333333,https://si0.twimg.com/profile_images/2920920465/f6cc802ce4890c8df7247e02ef2e3e27_normal.jpeg,C0DEED,1,DDEEF6,http://a0.twimg.com/profile_background_images/563082781/08_folies_bergere.jpg,C0DEED,0084B4,3600,,,Meglio morto A PIEDI NUDI che vivo con le HOGAN - Also Follow Me At : @fashion_thecity and fashion_and_thecity on InstaGram,2/14/2015 10:54,E13
42754744,giovanni mercadante,giuvannuzzo,366,4736,414,1196,166,2,Tue May 26 23:29:07 +0000 2009,http://adminkiam.wordpress.com,it,Rome,Roma - Valderice (Trapani),,,1,http://a0.twimg.com/profile_images/3411724768/31fe4a0a64c43588c88a2fcd1d6cda51_normal.jpeg,https://si0.twimg.com/profile_banners/42754744/1363917793,1,https://si0.twimg.com/profile_background_images/533114179/wallpaper_donald_1280x1024__1_.jpg,808080,https://si0.twimg.com/profile_images/3411724768/31fe4a0a64c43588c88a2fcd1d6cda51_normal.jpeg,D18C26,,003F52,http://a0.twimg.com/profile_background_images/533114179/wallpaper_donald_1280x1024__1_.jpg,0E5DE6,057A70,3600,,,"Non posso piacere a tutti purtroppo non tutti hanno buongusto. Content Editor per @exciteitalia,Blogger per @nottecriminale.Per lavoro faccio cose e vedo gente",2/14/2015 10:54,E13
43069058,Leonardo Angelini,poldo76,8,732,191,656,1,1,Thu May 28 07:45:23 +0000 2009,http://www.leonardoangelini.it,it,Rome,Foligno,,,1,http://a0.twimg.com/profile_images/3272325094/45d8f57305056d128f50f212a8e31db0_normal.jpeg,https://si0.twimg.com/profile_banners/43069058/1357214948,1,https://si0.twimg.com/profile_background_images/445750668/IMG_5187-dddd.jpg,333333,https://si0.twimg.com/profile_images/3272325094/45d8f57305056d128f50f212a8e31db0_normal.jpeg,A8C7F7,,C0DFEC,http://a0.twimg.com/profile_background_images/445750668/IMG_5187-dddd.jpg,22330,0084B4,3600,,,"Dreamer, geek, traveler. Web application developer e system administrator. Amo il web, la fotografia, l'elettronica ed in generale tutto ciò che va a pile :)",2/14/2015 10:54,E13
1213937306,ʸᵒᵘ,xjawaadscookie,25,2568,351,341,318,2,Sat Feb 23 23:17:08 +0000 2013,,it,Amsterdam,oned || ddlovato ||,,,1,http://a0.twimg.com/profile_images/3354404569/6673abfd712a61f43e0c53e8f0e88426_normal.png,https://si0.twimg.com/profile_banners/1213937306/1362770695,1,https://si0.twimg.com/profile_background_images/809583367/ef1c11a25567abed88c073f95defd6be.jpeg,333333,https://si0.twimg.com/profile_images/3354404569/6673abfd712a61f43e0c53e8f0e88426_normal.png,FFFFFF,,DDEEF6,http://a0.twimg.com/profile_background_images/809583367/ef1c11a25567abed88c073f95defd6be.jpeg,FFFFFF,2BF00C,3600,,,@onedirection I JUST WANNA SAY A MASSIVE THANK YOU.,2/14/2015 10:54,E13
